{
	"BUILD_DIR" : "C:/Users/Alex Caldwell/Documents/cpp/Can-to-CPP-2025/build/Desktop_Qt_6_8_2_MinGW_64_bit-Debug/Can-to-CPP-2025_autogen",
	"CMAKE_BINARY_DIR" : "C:/Users/Alex Caldwell/Documents/cpp/Can-to-CPP-2025/build/Desktop_Qt_6_8_2_MinGW_64_bit-Debug",
	"CMAKE_CURRENT_BINARY_DIR" : "C:/Users/Alex Caldwell/Documents/cpp/Can-to-CPP-2025/build/Desktop_Qt_6_8_2_MinGW_64_bit-Debug",
	"CMAKE_CURRENT_SOURCE_DIR" : "C:/Users/Alex Caldwell/Documents/cpp/Can-to-CPP-2025",
	"CMAKE_SOURCE_DIR" : "C:/Users/Alex Caldwell/Documents/cpp/Can-to-CPP-2025",
	"CROSS_CONFIG" : false,
	"GENERATOR" : "Ninja",
	"INCLUDE_DIR" : "C:/Users/Alex Caldwell/Documents/cpp/Can-to-CPP-2025/build/Desktop_Qt_6_8_2_MinGW_64_bit-Debug/Can-to-CPP-2025_autogen/include",
	"INPUTS" : 
	[
		"C:/Users/Alex Caldwell/Documents/cpp/Can-to-CPP-2025/resources/Logo.png"
	],
	"LOCK_FILE" : "C:/Users/Alex Caldwell/Documents/cpp/Can-to-CPP-2025/build/Desktop_Qt_6_8_2_MinGW_64_bit-Debug/CMakeFiles/Can-to-CPP-2025_autogen.dir/AutoRcc_resources_3YJK5W5UP7_Lock.lock",
	"MULTI_CONFIG" : false,
	"OPTIONS" : [ "--no-zstd", "-name", "resources" ],
	"OUTPUT_CHECKSUM" : "3YJK5W5UP7",
	"OUTPUT_NAME" : "qrc_resources.cpp",
	"RCC_EXECUTABLE" : "C:/Qt/6.8.2/mingw_64/bin/rcc.exe",
	"RCC_LIST_OPTIONS" : [ "--list" ],
	"SETTINGS_FILE" : "C:/Users/Alex Caldwell/Documents/cpp/Can-to-CPP-2025/build/Desktop_Qt_6_8_2_MinGW_64_bit-Debug/CMakeFiles/Can-to-CPP-2025_autogen.dir/AutoRcc_resources_3YJK5W5UP7_Used.txt",
	"SOURCE" : "C:/Users/Alex Caldwell/Documents/cpp/Can-to-CPP-2025/resources/resources.qrc",
	"USE_BETTER_GRAPH" : true,
	"VERBOSITY" : 0
}
